amfi_code,scheme_name,fund_house,category,sub_category,plan,ann_return_pct,cagr_1yr_pct,cagr_3yr_pct
100016,HDFC Top 100 Fund - Regular Plan - Growth,HDFC Mutual Fund,Equity,Large Cap,Regular,2.5434874968783827,-2.3071536863186193,0.15935656456500524
100025,HDFC Short Term Debt Fund - Regular - Growth,HDFC Mutual Fund,Debt,Short Duration,Regular,4.298652494927047,2.8512535322124943,4.771825169527744
100033,HDFC Mid-Cap Opportunities Fund - Regular - Growth,HDFC Mutual Fund,Equity,Mid Cap,Regular,28.92786602653088,48.424262255810355,33.75958695571646
101206,ABSL Frontline Equity Fund - Regular - Growth,Aditya Birla Sun Life MF,Equity,Large Cap,Regular,22.626535384993396,44.93956742704466,32.72566097608747
101207,ABSL Small Cap Fund - Regular - Growth,Aditya Birla Sun Life MF,Equity,Small Cap,Regular,7.650158706195587,-24.171923570171405,-3.1594246762010503
101208,ABSL Liquid Fund - Regular - Growth,Aditya Birla Sun Life MF,Debt,Liquid,Regular,6.2738967442827365,6.907168765435778,6.080205049018561
102885,UTI Nifty 50 Index Fund - Regular - Growth,UTI Mutual Fund,Equity,Index,Regular,17.54041909151418,19.079664536994457,18.25384585690104
102886,UTI Mid Cap Fund - Regular - Growth,UTI Mutual Fund,Equity,Mid Cap,Regular,1.1304481066713112,-12.845144721316027,-1.993645366016883
102887,UTI Flexi Cap Fund - Regular - Growth,UTI Mutual Fund,Equity,Flexi Cap,Regular,16.20550058321799,11.219546124484436,26.212376157937854
118632,Nippon India Large Cap Fund - Regular - Growth,Nippon India MF,Equity,Large Cap,Regular,23.116077255008193,23.220220726735306,18.1852590182084
118633,Nippon India Large Cap Fund - Direct - Growth,Nippon India MF,Equity,Large Cap,Direct,15.661395483825524,29.125704474523317,18.485694594317437
118634,Nippon India Small Cap Fund - Regular - Growth,Nippon India MF,Equity,Small Cap,Regular,15.756667292982707,23.50312361289941,8.599903481542981
118635,Nippon India Etf Nifty 50 Bees,Nippon India MF,Equity,Index/Etf,Direct,15.357116291589868,23.04620613794772,16.656645561983254
118636,Nippon India Gilt Securities Fund - Regular - Growth,Nippon India MF,Debt,Gilt,Regular,5.125853868983454,10.79530974928893,4.211757416685535
119092,Axis Bluechip Fund - Regular - Growth,Axis Mutual Fund,Equity,Large Cap,Regular,6.138099361837401,4.1015077085001295,0.6093199259856963
119093,Axis Bluechip Fund - Direct - Growth,Axis Mutual Fund,Equity,Large Cap,Direct,7.6105019563763365,20.978299810105216,19.927376280644427
119094,Axis Midcap Fund - Regular - Growth,Axis Mutual Fund,Equity,Mid Cap,Regular,27.1024728933271,29.91261756035264,36.236320218826144
119095,Axis Small Cap Fund - Regular - Growth,Axis Mutual Fund,Equity,Small Cap,Regular,1.4677909675495204,-44.5951227986363,-11.218962208312377
119120,SBI Magnum Gilt Fund - Regular Plan - Growth,SBI Mutual Fund,Debt,Gilt,Regular,5.677262981067255,5.170249383477787,5.5578076192641435
119551,SBI Bluechip Fund - Regular Plan - Growth,SBI Mutual Fund,Equity,Large Cap,Regular,24.79659784157253,50.55403533323788,28.193107333721336
119552,SBI Bluechip Fund - Direct Plan - Growth,SBI Mutual Fund,Equity,Large Cap,Direct,20.69678974696634,7.9948406724375864,15.199091421256817
119598,SBI Small Cap Fund - Regular Plan - Growth,SBI Mutual Fund,Equity,Small Cap,Regular,31.126560032445983,83.61363849600771,28.07585983623553
119599,SBI Small Cap Fund - Direct Plan - Growth,SBI Mutual Fund,Equity,Small Cap,Direct,1.9817724717167584,10.359131773018927,0.18484664592763878
120503,ICICI Pru Bluechip Fund - Regular - Growth,ICICI Prudential MF,Equity,Large Cap,Regular,18.070820555282662,3.6410000447372637,14.693231522347006
120504,ICICI Pru Bluechip Fund - Direct - Growth,ICICI Prudential MF,Equity,Large Cap,Direct,22.39354198337271,13.649410701300436,27.886717505894776
120505,ICICI Pru Midcap Fund - Regular - Growth,ICICI Prudential MF,Equity,Mid Cap,Regular,31.512437994004827,32.1654576151277,29.64993404956926
120506,ICICI Pru Value Discovery Fund - Regular - Growth,ICICI Prudential MF,Equity,Value,Regular,16.439416926901053,34.358634808068686,18.098572298772766
120507,ICICI Pru Liquid Fund - Regular - Growth,ICICI Prudential MF,Debt,Liquid,Regular,6.9752416519982985,7.067325906098354,7.063476974031735
120841,Kotak Bluechip Fund - Regular - Growth,Kotak Mahindra MF,Equity,Large Cap,Regular,13.028336972322684,17.639236454067397,16.446665078408863
120842,Kotak Emerging Equity Fund - Regular - Growth,Kotak Mahindra MF,Equity,Mid Cap,Regular,6.459250268658279,19.378621087131442,9.896111385771578
120843,Kotak Flexicap Fund - Regular - Growth,Kotak Mahindra MF,Equity,Flexi Cap,Regular,29.677649274395932,28.31806651579336,25.41357504574635
120844,Kotak Liquid Fund - Regular - Growth,Kotak Mahindra MF,Debt,Liquid,Regular,6.665013659448804,6.780707351097548,6.555138646928649
125497,HDFC Top 100 Fund - Direct Plan - Growth,HDFC Mutual Fund,Equity,Large Cap,Direct,18.29378597431117,29.578878385516603,17.768267168939687
125498,HDFC Mid-Cap Opportunities Fund - Direct - Growth,HDFC Mutual Fund,Equity,Mid Cap,Direct,10.88492078875596,16.19187380638667,12.564556862743114
148567,Mirae Asset Large Cap Fund - Regular - Growth,Mirae Asset MF,Equity,Large Cap,Regular,29.74136125393794,15.46638439085639,31.495335576695418
148568,Mirae Asset Emerging Bluechip Fund - Regular - Growth,Mirae Asset MF,Equity,Large & Mid Cap,Regular,21.6479764248394,9.591635123774722,13.526654355414113
148569,Mirae Asset Tax Saver Fund - Regular - Growth,Mirae Asset MF,Equity,Elss,Regular,30.673611122544674,44.34222087674349,23.388973345158035
149322,DSP Top 100 Equity Fund - Regular - Growth,DSP Mutual Fund,Equity,Large Cap,Regular,12.894863151904712,19.204740544051212,16.61251630174072
149323,DSP Midcap Fund - Regular - Growth,DSP Mutual Fund,Equity,Mid Cap,Regular,28.409564547344026,22.77278799917939,23.888131507039432
149324,DSP Small Cap Fund - Regular - Growth,DSP Mutual Fund,Equity,Small Cap,Regular,30.9965179599899,63.35906970660301,25.315693392596184
